order_id,delivery_date,region,service_type,promised_time_minutes,delivery_time_minutes,customer_id,customer_rating,promotional_campaign_id
D1000,12/4/2024,West,Parcel,60,51,C282,4,
D1001,14/12/2024,East,Parcel,60,10,C245,4,
D1002,27/09/2024,South,Express,120,525,C162,4,CAMP002
D1003,16/04/2024,North,Express,1440,1631,C215,2,
D1004,12/3/2024,West,Express,90,10,C212,4,
D1005,7/7/2024,West,Parcel,90,257,C146,2,CAMP001
D1006,21/01/2024,West,Express,2880,3128,C156,3,CAMP002
D1007,12/4/2024,East,Express,2880,2906,C217,3,
D1008,1/5/2024,West,Parcel,90,162,C144,4,CAMP003
D1009,2/8/2024,West,Warehousing,2880,2947,C260,,
D1010,26/11/2024,West,Parcel,120,10,C244,4,CAMP003
D1011,28/03/2024,South,Express,90,53,C297,4,CAMP001
D1012,9/4/2024,East,Parcel,2880,2833,C103,4,CAMP001
D1013,25/12/2024,West,Warehousing,90,376,C247,4,CAMP003
D1014,31/05/2024,North,Parcel,1440,1506,C146,1,CAMP002
D1015,10/5/2024,North,Express,60,10,C242,3,CAMP001
D1016,29/05/2024,North,Warehousing,90,72,C297,3,
D1017,4/11/2024,East,Express,60,264,C146,3,
D1018,14/09/2024,East,Warehousing,2880,2844,C177,1,
D1019,9/12/2024,North,Warehousing,60,10,C223,2,
D1020,20/10/2024,West,Parcel,90,35,C174,3,CAMP002
D1021,10/7/2024,East,Parcel,1440,1628,C202,,
D1022,3/10/2024,North,Express,2880,2979,C236,3,CAMP001
D1023,9/6/2024,North,Parcel,90,98,C189,3,
D1024,9/11/2024,West,Parcel,2880,2918,C243,2,
D1025,22/01/2024,South,Warehousing,120,10,C168,4,
D1026,9/9/2024,East,Parcel,60,22,C160,3,
D1027,23/08/2024,West,Warehousing,120,10,C237,2,
D1028,10/12/2024,North,Warehousing,90,32,C149,4,CAMP002
D1029,18/02/2024,North,Warehousing,1440,1709,C102,1,CAMP003
D1030,28/02/2024,West,Express,2880,2665,C206,1,
D1031,18/06/2024,East,Express,60,10,C212,2,CAMP001
D1032,6/7/2024,South,Express,2880,2630,C193,1,
D1033,27/09/2024,South,Warehousing,90,10,C217,2,
D1034,8/7/2024,North,Express,2880,2843,C297,3,CAMP001
D1035,23/06/2024,East,Express,60,10,C180,5,
D1036,20/02/2024,South,Parcel,90,442,C208,4,
D1037,29/12/2024,East,Express,2880,2824,C150,4,
D1038,24/02/2024,East,Express,1440,1697,C246,3,
D1039,31/08/2024,North,Warehousing,90,283,C269,5,
D1040,15/11/2024,South,Warehousing,90,49,C134,3,
D1041,10/5/2024,West,Warehousing,1440,1862,C145,1,
D1042,2/11/2024,North,Warehousing,120,173,C253,4,CAMP001
D1043,14/05/2024,South,Warehousing,60,362,C168,2,CAMP003
D1044,21/01/2024,South,Warehousing,120,399,C192,3,
D1045,24/11/2024,South,Express,2880,2962,C163,4,CAMP002
D1046,15/06/2024,South,Warehousing,1440,1590,C264,5,
D1047,30/09/2024,South,Warehousing,120,244,C148,3,
D1048,29/03/2024,East,Parcel,90,10,C248,4,CAMP001
D1049,11/11/2024,North,Express,2880,2891,C173,,
D1050,14/01/2024,East,Express,2880,3094,C291,2,
D1051,29/08/2024,West,Express,120,425,C104,3,CAMP003
D1052,21/09/2024,South,Warehousing,120,10,C199,3,CAMP001
D1053,11/12/2024,North,Warehousing,1440,1545,C169,3,CAMP001
D1054,22/02/2024,South,Warehousing,60,90,C189,3,CAMP002
D1055,5/12/2024,North,Parcel,120,97,C103,5,
D1056,1/4/2024,East,Warehousing,120,191,C225,4,CAMP002
D1057,20/09/2024,North,Parcel,90,133,C138,4,
D1058,4/2/2024,West,Express,2880,2988,C262,3,CAMP002
D1059,24/07/2024,West,Warehousing,60,348,C228,5,CAMP002
D1060,21/03/2024,North,Parcel,90,246,C123,,
D1061,19/02/2024,North,Parcel,1440,1502,C156,5,
D1062,25/12/2024,North,Warehousing,1440,1812,C199,1,CAMP001
D1063,2/1/2024,North,Express,120,341,C169,4,CAMP003
D1064,23/02/2024,West,Express,120,102,C140,1,CAMP001
D1065,15/04/2024,South,Express,1440,1197,C281,3,CAMP003
D1066,16/09/2024,North,Parcel,120,10,C273,1,
D1067,5/11/2024,North,Parcel,60,246,C159,4,CAMP001
D1068,9/7/2024,West,Parcel,120,10,C207,4,CAMP002
D1069,5/8/2024,West,Parcel,2880,2679,C287,2,CAMP002
D1070,13/02/2024,East,Express,120,10,C156,3,
D1071,10/6/2024,North,Warehousing,90,10,C130,3,
D1072,20/07/2024,East,Parcel,60,230,C183,3,CAMP001
D1073,26/09/2024,West,Parcel,90,59,C251,2,
D1074,16/12/2024,West,Express,90,10,C135,3,CAMP002
D1075,30/10/2024,South,Warehousing,2880,2886,C257,4,CAMP002
D1076,27/09/2024,North,Warehousing,60,104,C251,1,
D1077,2/8/2024,East,Express,60,10,C207,1,
D1078,8/9/2024,West,Express,60,291,C205,3,
D1079,8/7/2024,West,Warehousing,60,10,C257,5,
D1080,22/10/2024,East,Parcel,60,281,C185,4,CAMP002
D1081,31/07/2024,South,Warehousing,2880,2999,C234,4,
D1082,26/07/2024,West,Express,120,305,C262,3,CAMP002
D1083,24/08/2024,North,Parcel,90,10,C282,4,
D1084,3/12/2024,West,Parcel,60,79,C113,1,CAMP002
D1085,22/02/2024,North,Express,120,110,C219,4,
D1086,6/10/2024,East,Express,120,10,C237,5,CAMP002
D1087,4/8/2024,North,Express,90,311,C179,4,CAMP001
D1088,8/9/2024,East,Warehousing,2880,2717,C243,5,
D1089,6/7/2024,North,Warehousing,1440,1319,C281,4,CAMP001
D1090,10/2/2024,East,Parcel,1440,1238,C205,2,
D1091,5/6/2024,North,Express,120,260,C169,5,CAMP002
D1092,15/01/2024,South,Parcel,90,10,C143,1,CAMP001
D1093,27/10/2024,North,Parcel,1440,1563,C172,4,CAMP001
D1094,5/3/2024,North,Parcel,120,328,C144,2,CAMP001
D1095,10/12/2024,South,Parcel,2880,2987,C283,1,
D1096,22/11/2024,West,Express,1440,1582,C206,3,CAMP002
D1097,9/1/2024,West,Parcel,120,271,C183,3,
D1098,9/12/2024,North,Express,120,10,C181,3,
D1099,8/5/2024,South,Express,60,346,C206,4,CAMP003
D1100,15/05/2024,North,Warehousing,2880,2788,C284,1,
D1101,3/3/2024,East,Express,60,47,C120,2,
D1102,18/05/2024,East,Warehousing,90,24,C295,4,
D1103,21/03/2024,North,Express,60,158,C277,3,CAMP002
D1104,11/6/2024,West,Express,60,10,C260,4,CAMP002
D1105,15/10/2024,West,Express,1440,1453,C106,4,
D1106,17/09/2024,North,Warehousing,120,10,C169,5,
D1107,18/08/2024,North,Warehousing,2880,3112,C226,4,
D1108,10/2/2024,East,Parcel,60,194,C242,3,CAMP003
D1109,28/01/2024,West,Warehousing,2880,2822,C259,4,
D1110,14/05/2024,North,Warehousing,60,10,C247,3,CAMP003
D1111,19/07/2024,East,Warehousing,90,218,C242,3,CAMP003
D1112,23/11/2024,West,Warehousing,60,10,C275,4,CAMP002
D1113,24/09/2024,South,Parcel,1440,1465,C298,3,
D1114,2/2/2024,East,Warehousing,120,352,C248,4,CAMP001
D1115,17/02/2024,West,Express,90,10,C269,5,CAMP002
D1116,2/3/2024,West,Express,60,133,C253,5,
D1117,3/8/2024,East,Warehousing,2880,2943,C219,5,CAMP002
D1118,19/10/2024,South,Warehousing,90,71,C227,3,CAMP001
D1119,8/4/2024,East,Express,90,10,C241,3,CAMP001
D1120,20/06/2024,West,Express,60,302,C156,4,
D1121,25/12/2024,North,Parcel,90,10,C264,3,
D1122,1/8/2024,North,Express,2880,2518,C157,4,CAMP003
D1123,4/2/2024,East,Express,90,218,C120,4,
D1124,14/08/2024,West,Warehousing,2880,2640,C181,4,
D1125,10/4/2024,North,Express,60,198,C168,3,CAMP002
D1126,10/5/2024,West,Parcel,120,386,C230,2,
D1127,13/09/2024,East,Express,90,215,C186,3,
D1128,5/1/2024,North,Warehousing,120,334,C264,2,
D1129,5/8/2024,West,Warehousing,2880,3284,C148,5,CAMP001
D1130,11/9/2024,North,Express,90,283,C246,3,
D1131,24/12/2024,East,Warehousing,1440,1506,C214,2,
D1132,9/10/2024,West,Parcel,120,446,C188,1,CAMP002
D1133,25/07/2024,North,Parcel,90,440,C184,4,CAMP003
D1134,15/01/2024,East,Express,120,473,C227,4,CAMP001
D1135,11/12/2024,North,Express,90,10,C239,3,CAMP001
D1136,11/2/2024,North,Express,60,10,C288,1,
D1137,27/06/2024,South,Warehousing,120,10,C268,3,CAMP001
D1138,3/3/2024,South,Parcel,1440,1580,C260,3,CAMP003
D1139,17/12/2024,East,Parcel,1440,1471,C277,4,
D1140,18/08/2024,South,Warehousing,2880,2839,C216,4,CAMP001
D1141,28/08/2024,East,Parcel,90,202,C295,3,
D1142,21/02/2024,South,Express,120,10,C226,2,CAMP002
D1143,5/4/2024,North,Express,2880,2908,C170,,CAMP002
D1144,9/8/2024,East,Express,120,343,C185,3,CAMP002
D1145,18/08/2024,East,Parcel,90,199,C132,4,CAMP002
D1146,24/08/2024,North,Express,1440,1578,C180,2,CAMP001
D1147,22/05/2024,East,Warehousing,60,379,C251,3,
D1148,19/06/2024,East,Warehousing,1440,1427,C160,1,
D1149,29/01/2024,South,Parcel,2880,2750,C160,4,CAMP002
D1150,5/2/2024,East,Warehousing,60,297,C197,,
D1151,13/01/2024,West,Warehousing,2880,3114,C127,3,
D1152,8/6/2024,North,Parcel,90,201,C285,1,
D1153,22/11/2024,South,Express,60,28,C142,1,CAMP003
D1154,5/7/2024,South,Express,2880,2880,C268,3,CAMP002
D1155,30/08/2024,West,Express,90,10,C266,2,CAMP002
D1156,26/03/2024,North,Parcel,1440,1662,C185,1,
D1157,10/10/2024,North,Warehousing,90,305,C276,4,
D1158,6/3/2024,South,Express,120,10,C116,3,CAMP001
D1159,18/06/2024,East,Express,90,263,C197,3,CAMP002
D1160,14/02/2024,South,Parcel,90,170,C297,5,
D1161,2/3/2024,North,Express,120,10,C297,2,
D1162,13/05/2024,West,Parcel,2880,2639,C197,,
D1163,10/10/2024,South,Warehousing,2880,2954,C164,3,
D1164,28/01/2024,North,Parcel,90,11,C173,5,CAMP002
D1165,17/04/2024,South,Parcel,120,483,C184,4,
D1166,13/02/2024,East,Parcel,120,310,C104,5,
D1167,5/12/2024,South,Parcel,1440,1534,C101,,CAMP001
D1168,12/10/2024,South,Warehousing,2880,2984,C121,3,
D1169,26/11/2024,North,Warehousing,60,326,C211,,
D1170,7/5/2024,North,Express,2880,3049,C156,3,CAMP001
D1171,13/12/2024,North,Warehousing,2880,2979,C165,3,
D1172,18/08/2024,South,Warehousing,1440,1244,C173,3,
D1173,8/7/2024,East,Express,60,672,C197,4,
D1174,12/8/2024,West,Warehousing,1440,1220,C243,2,CAMP001
D1175,9/10/2024,West,Parcel,60,10,C211,4,CAMP002
D1176,30/04/2024,North,Parcel,90,10,C278,4,
D1177,25/04/2024,North,Express,60,167,C224,4,CAMP002
D1178,20/08/2024,South,Express,1440,1470,C266,5,
D1179,15/09/2024,West,Express,2880,3033,C185,3,
D1180,24/12/2024,North,Parcel,60,10,C175,3,CAMP001
D1181,16/07/2024,East,Warehousing,60,282,C187,3,
D1182,16/05/2024,East,Parcel,120,10,C267,2,
D1183,13/11/2024,North,Express,2880,2851,C137,1,CAMP002
D1184,13/06/2024,North,Warehousing,90,276,C287,3,
D1185,12/8/2024,West,Warehousing,1440,1492,C158,3,
D1186,2/11/2024,West,Parcel,90,156,C237,,
D1187,21/08/2024,South,Express,2880,3039,C198,4,
D1188,20/06/2024,West,Parcel,60,145,C291,3,CAMP003
D1189,31/05/2024,East,Warehousing,60,10,C162,4,
D1190,10/11/2024,East,Parcel,2880,2847,C148,2,
D1191,8/6/2024,North,Parcel,60,102,C291,3,
D1192,5/4/2024,West,Express,60,10,C131,4,
D1193,20/08/2024,South,Express,60,259,C234,3,CAMP002
D1194,28/06/2024,East,Warehousing,1440,1497,C120,3,
D1195,22/04/2024,East,Parcel,1440,1454,C119,,CAMP001
D1196,13/11/2024,South,Parcel,120,358,C253,5,CAMP002
D1197,21/02/2024,South,Parcel,90,66,C226,4,CAMP002
D1198,24/09/2024,East,Warehousing,2880,2844,C167,4,
D1199,21/10/2024,East,Warehousing,2880,2784,C209,4,
D1200,22/04/2024,South,Express,2880,2948,C215,2,
D1201,10/4/2024,East,Express,120,181,C242,3,
D1202,22/04/2024,North,Express,1440,1307,C219,1,
D1203,21/03/2024,North,Parcel,120,85,C178,3,
D1204,5/7/2024,South,Parcel,2880,2749,C215,4,CAMP003
D1205,22/04/2024,West,Express,90,10,C191,2,CAMP002
D1206,2/1/2024,South,Parcel,60,10,C113,,CAMP001
D1207,9/5/2024,South,Express,1440,1394,C254,5,
D1208,7/8/2024,West,Warehousing,1440,1100,C224,4,
D1209,23/02/2024,West,Express,120,28,C267,4,CAMP002
D1210,8/12/2024,West,Warehousing,1440,1318,C157,5,CAMP001
D1211,11/8/2024,North,Parcel,2880,3090,C127,2,
D1212,12/8/2024,East,Express,2880,2678,C125,4,CAMP001
D1213,5/5/2024,North,Parcel,120,10,C212,2,
D1214,9/5/2024,East,Warehousing,2880,2804,C290,4,
D1215,22/02/2024,North,Warehousing,90,10,C165,3,CAMP003
D1216,20/06/2024,East,Warehousing,120,393,C252,5,CAMP002
D1217,5/8/2024,North,Parcel,90,10,C230,5,
D1218,8/6/2024,West,Parcel,60,10,C299,2,
D1219,16/07/2024,South,Parcel,90,156,C143,3,
D1220,3/9/2024,North,Parcel,60,236,C196,,
D1221,19/11/2024,East,Warehousing,60,10,C141,3,CAMP001
D1222,21/07/2024,West,Warehousing,90,10,C105,5,
D1223,2/7/2024,North,Express,120,90,C266,4,
D1224,2/5/2024,North,Express,2880,3150,C279,3,
D1225,11/9/2024,West,Parcel,2880,2936,C122,3,CAMP001
D1226,20/10/2024,North,Warehousing,60,107,C188,2,
D1227,6/10/2024,South,Warehousing,60,10,C222,4,
D1228,20/11/2024,North,Warehousing,120,10,C277,3,CAMP002
D1229,7/4/2024,South,Express,1440,1443,C270,4,CAMP001
D1230,16/07/2024,South,Express,90,10,C246,3,
D1231,27/08/2024,West,Warehousing,60,216,C296,4,CAMP001
D1232,23/05/2024,North,Warehousing,2880,2711,C150,5,CAMP002
D1233,6/4/2024,West,Warehousing,120,116,C110,,CAMP002
D1234,19/07/2024,North,Express,90,10,C111,3,
D1235,3/5/2024,North,Warehousing,120,42,C173,5,
D1236,5/7/2024,East,Warehousing,90,10,C107,4,
D1237,21/11/2024,North,Parcel,90,10,C251,4,CAMP002
D1238,14/12/2024,West,Parcel,60,168,C140,,
D1239,15/09/2024,South,Express,120,448,C263,2,
D1240,27/05/2024,North,Warehousing,120,345,C184,2,
D1241,8/9/2024,East,Warehousing,2880,3016,C171,5,
D1242,11/12/2024,West,Parcel,2880,2798,C154,3,CAMP001
D1243,26/05/2024,North,Express,60,221,C236,5,
D1244,27/05/2024,West,Parcel,60,304,C146,5,CAMP001
D1245,17/12/2024,East,Parcel,1440,1467,C242,1,
D1246,17/07/2024,East,Parcel,2880,2644,C275,5,CAMP002
D1247,3/11/2024,West,Parcel,90,10,C203,3,CAMP002
D1248,7/5/2024,North,Warehousing,120,460,C141,4,CAMP002
D1249,8/2/2024,South,Warehousing,60,46,C159,4,
D1250,3/12/2024,East,Parcel,120,10,C297,5,CAMP002
D1251,25/12/2024,North,Express,120,10,C111,1,
D1252,8/5/2024,North,Express,1440,1356,C229,3,CAMP003
D1253,23/09/2024,South,Express,2880,3087,C106,4,CAMP001
D1254,30/05/2024,East,Express,60,10,C179,4,
D1255,24/10/2024,East,Parcel,120,330,C230,4,CAMP002
D1256,8/4/2024,North,Warehousing,60,10,C208,2,CAMP003
D1257,19/09/2024,North,Express,90,10,C102,3,
D1258,8/9/2024,South,Parcel,1440,1342,C126,3,CAMP002
D1259,23/05/2024,South,Express,90,158,C213,5,CAMP001
D1260,11/12/2024,East,Express,60,112,C206,3,CAMP002
D1261,21/04/2024,West,Parcel,60,10,C139,2,
D1262,29/02/2024,East,Warehousing,2880,2810,C260,,
D1263,2/1/2024,North,Warehousing,120,656,C228,1,
D1264,30/10/2024,East,Parcel,120,10,C107,,
D1265,10/9/2024,West,Warehousing,90,222,C200,4,CAMP001
D1266,19/05/2024,South,Parcel,1440,1021,C259,5,CAMP003
D1267,6/2/2024,West,Parcel,120,292,C223,3,
D1268,8/6/2024,West,Parcel,2880,2702,C275,1,CAMP001
D1269,9/1/2024,West,Warehousing,90,170,C206,4,CAMP002
D1270,20/08/2024,South,Parcel,90,10,C200,5,CAMP002
D1271,8/4/2024,West,Express,2880,2938,C103,4,CAMP003
D1272,26/05/2024,West,Warehousing,1440,1259,C297,2,
D1273,30/10/2024,West,Warehousing,2880,2737,C209,4,CAMP001
D1274,26/07/2024,North,Warehousing,1440,1528,C118,4,
D1275,10/5/2024,West,Warehousing,2880,2794,C131,4,CAMP001
D1276,31/05/2024,South,Express,2880,2956,C236,4,
D1277,23/02/2024,West,Warehousing,60,22,C111,5,CAMP001
D1278,29/04/2024,West,Warehousing,90,103,C238,4,CAMP003
D1279,9/6/2024,South,Parcel,2880,2969,C145,1,
D1280,25/04/2024,West,Warehousing,2880,2810,C218,3,
D1281,15/03/2024,South,Express,120,10,C115,1,CAMP003
D1282,22/04/2024,West,Express,90,10,C228,3,CAMP002
D1283,13/04/2024,South,Express,120,359,C162,3,CAMP002
D1284,5/12/2024,West,Express,90,113,C208,1,CAMP002
D1285,10/9/2024,West,Warehousing,120,10,C218,3,CAMP002
D1286,14/08/2024,North,Warehousing,2880,2960,C120,2,CAMP003
D1287,21/04/2024,North,Express,2880,2973,C257,5,CAMP002
D1288,8/4/2024,West,Express,60,163,C112,5,CAMP002
D1289,1/6/2024,West,Warehousing,120,10,C261,1,
D1290,14/12/2024,East,Express,1440,1304,C103,,
D1291,31/12/2024,South,Parcel,60,10,C255,4,
D1292,3/12/2024,East,Express,120,48,C201,3,CAMP001
D1293,12/7/2024,North,Express,120,227,C158,1,CAMP001
D1294,5/11/2024,North,Parcel,60,119,C227,4,
D1295,11/6/2024,North,Parcel,2880,2955,C126,4,CAMP002
D1296,26/07/2024,North,Warehousing,120,390,C168,4,CAMP001
D1297,17/06/2024,West,Warehousing,2880,3017,C124,1,
D1298,9/6/2024,North,Parcel,60,32,C230,1,
D1299,8/3/2024,West,Parcel,2880,2644,C196,3,
D1300,15/10/2024,West,Warehousing,90,10,C295,3,CAMP002
D1301,3/10/2024,North,Express,1440,1388,C124,2,CAMP001
D1302,30/10/2024,North,Parcel,120,285,C247,3,
D1303,14/05/2024,South,Warehousing,1440,1435,C261,5,CAMP002
D1304,13/07/2024,East,Express,2880,2749,C253,5,
D1305,7/5/2024,North,Parcel,120,10,C225,3,
D1306,2/2/2024,South,Express,2880,2867,C232,5,
D1307,24/06/2024,South,Warehousing,90,267,C288,3,CAMP002
D1308,22/01/2024,East,Parcel,60,378,C108,3,CAMP002
D1309,25/08/2024,West,Express,120,79,C215,2,
D1310,6/6/2024,North,Parcel,90,82,C277,4,
D1311,7/2/2024,East,Express,90,10,C233,,
D1312,17/08/2024,North,Warehousing,120,507,C159,4,CAMP001
D1313,30/12/2024,South,Warehousing,2880,2600,C271,3,CAMP001
D1314,20/02/2024,South,Parcel,90,324,C220,4,
D1315,20/09/2024,West,Express,1440,1367,C238,2,
D1316,9/10/2024,South,Parcel,90,10,C293,5,
D1317,27/01/2024,South,Parcel,2880,2658,C274,4,CAMP002
D1318,13/08/2024,East,Express,2880,3362,C207,3,
D1319,3/10/2024,North,Express,1440,1484,C207,4,
D1320,12/10/2024,North,Express,90,94,C230,4,
D1321,6/4/2024,East,Warehousing,2880,3057,C175,1,CAMP003
D1322,10/10/2024,West,Parcel,120,10,C129,4,CAMP001
D1323,12/11/2024,North,Parcel,60,60,C120,2,
D1324,30/10/2024,South,Warehousing,60,71,C255,4,CAMP002
D1325,26/05/2024,North,Express,60,10,C289,5,CAMP003
D1326,4/1/2024,South,Warehousing,90,329,C260,5,
D1327,4/2/2024,West,Warehousing,1440,1397,C262,4,CAMP002
D1328,10/7/2024,East,Warehousing,2880,2570,C279,4,
D1329,18/02/2024,North,Parcel,120,60,C133,2,CAMP001
D1330,17/01/2024,East,Warehousing,120,169,C140,4,
D1331,20/06/2024,North,Parcel,90,10,C150,3,
D1332,7/8/2024,South,Parcel,60,10,C274,3,CAMP001
D1333,6/6/2024,East,Parcel,90,10,C181,3,CAMP001
D1334,15/02/2024,North,Express,1440,1684,C157,2,CAMP003
D1335,6/1/2024,South,Parcel,1440,1343,C174,4,CAMP001
D1336,8/4/2024,East,Parcel,2880,3165,C284,1,
D1337,20/08/2024,East,Express,2880,2758,C122,4,
D1338,6/2/2024,North,Parcel,1440,1505,C275,3,CAMP003
D1339,6/10/2024,North,Warehousing,1440,1351,C227,1,CAMP002
D1340,14/12/2024,North,Warehousing,1440,1590,C249,4,CAMP003
D1341,28/10/2024,South,Parcel,90,10,C116,1,
D1342,29/06/2024,North,Express,1440,1588,C168,3,CAMP001
D1343,4/4/2024,East,Warehousing,120,142,C207,4,
D1344,8/4/2024,East,Express,60,10,C238,1,
D1345,6/7/2024,North,Express,1440,1407,C193,5,
D1346,25/04/2024,North,Warehousing,60,366,C114,1,CAMP002
D1347,9/7/2024,West,Express,90,117,C190,2,
D1348,9/9/2024,East,Warehousing,60,10,C262,4,CAMP001
D1349,9/6/2024,South,Express,90,10,C132,3,CAMP001
D1350,12/9/2024,West,Warehousing,120,221,C224,2,
D1351,18/11/2024,North,Parcel,90,129,C115,3,
D1352,7/5/2024,North,Warehousing,90,229,C261,3,CAMP001
D1353,18/01/2024,East,Warehousing,2880,2588,C165,5,CAMP002
D1354,7/10/2024,North,Warehousing,1440,1206,C267,3,CAMP002
D1355,10/8/2024,South,Warehousing,1440,1669,C255,4,CAMP002
D1356,23/02/2024,East,Express,120,186,C146,5,CAMP002
D1357,27/02/2024,North,Parcel,120,226,C266,3,CAMP001
D1358,18/11/2024,East,Warehousing,1440,1248,C297,5,CAMP003
D1359,25/12/2024,North,Express,2880,2684,C247,3,
D1360,22/06/2024,North,Parcel,1440,1638,C223,,
D1361,6/10/2024,North,Parcel,2880,3087,C100,1,
D1362,23/04/2024,South,Parcel,120,10,C299,4,CAMP001
D1363,14/10/2024,South,Parcel,60,10,C186,3,
D1364,7/12/2024,East,Warehousing,120,99,C227,3,
D1365,30/05/2024,North,Warehousing,120,10,C290,4,
D1366,6/5/2024,North,Express,90,10,C166,4,
D1367,3/6/2024,South,Express,90,10,C103,1,
D1368,29/09/2024,North,Express,90,10,C285,2,
D1369,13/04/2024,South,Parcel,90,10,C252,4,CAMP002
D1370,25/10/2024,North,Parcel,2880,2661,C146,4,
D1371,2/9/2024,East,Warehousing,1440,1499,C137,,
D1372,24/06/2024,North,Parcel,60,49,C242,4,
D1373,8/2/2024,North,Parcel,120,216,C290,,
D1374,18/06/2024,West,Parcel,2880,2551,C120,4,CAMP001
D1375,3/9/2024,South,Express,60,61,C156,3,CAMP002
D1376,26/01/2024,North,Express,2880,3295,C216,2,
D1377,20/12/2024,North,Warehousing,2880,2806,C280,4,
D1378,1/11/2024,West,Parcel,120,284,C145,4,
D1379,13/01/2024,West,Parcel,1440,1603,C241,1,CAMP002
D1380,11/11/2024,South,Warehousing,90,263,C244,3,CAMP002
D1381,8/11/2024,West,Parcel,1440,1473,C138,,
D1382,5/2/2024,East,Parcel,120,233,C236,4,
D1383,21/06/2024,West,Express,120,259,C198,3,
D1384,20/01/2024,East,Warehousing,120,247,C176,3,CAMP003
D1385,16/11/2024,South,Warehousing,60,10,C214,2,
D1386,20/09/2024,South,Warehousing,1440,1099,C233,3,CAMP002
D1387,21/05/2024,South,Warehousing,1440,1130,C250,3,
D1388,22/05/2024,South,Express,2880,2826,C286,1,CAMP003
D1389,1/4/2024,South,Express,2880,2998,C190,4,CAMP003
D1390,19/12/2024,East,Parcel,2880,2660,C197,3,
D1391,17/11/2024,East,Parcel,120,304,C219,5,
D1392,14/10/2024,South,Parcel,1440,1340,C145,5,CAMP001
D1393,2/8/2024,West,Parcel,120,22,C137,2,
D1394,7/12/2024,North,Express,60,10,C241,4,CAMP002
D1395,20/02/2024,South,Warehousing,2880,2504,C199,3,CAMP003
D1396,1/6/2024,West,Express,120,165,C171,5,CAMP001
D1397,4/7/2024,North,Parcel,120,462,C289,2,CAMP002
D1398,3/3/2024,South,Express,60,48,C134,4,
D1399,8/7/2024,South,Warehousing,90,10,C246,4,CAMP001
D1400,4/5/2024,East,Warehousing,1440,1596,C129,3,CAMP003
D1401,29/05/2024,North,Express,90,10,C177,2,
D1402,9/11/2024,North,Express,2880,2639,C183,4,CAMP001
D1403,27/02/2024,West,Express,120,73,C212,4,
D1404,7/12/2024,East,Parcel,60,84,C124,3,CAMP003
D1405,31/10/2024,East,Express,60,10,C267,4,
D1406,28/06/2024,East,Express,1440,1385,C187,3,CAMP002
D1407,18/06/2024,East,Express,90,233,C113,4,CAMP001
D1408,21/11/2024,North,Warehousing,1440,1610,C253,2,CAMP001
D1409,27/09/2024,North,Warehousing,120,370,C201,5,CAMP001
D1410,23/02/2024,South,Parcel,1440,1821,C249,3,CAMP001
D1411,10/4/2024,South,Parcel,60,221,C275,3,
D1412,20/09/2024,East,Warehousing,60,17,C182,1,
D1413,22/02/2024,East,Warehousing,2880,3051,C209,2,
D1414,29/02/2024,East,Warehousing,2880,2973,C278,4,
D1415,17/04/2024,South,Express,120,221,C230,3,CAMP001
D1416,5/1/2024,West,Express,90,125,C269,5,CAMP002
D1417,12/4/2024,West,Warehousing,1440,1258,C118,1,CAMP002
D1418,14/07/2024,South,Express,120,10,C127,3,CAMP002
D1419,18/09/2024,South,Express,2880,2861,C272,3,
D1420,30/12/2024,South,Parcel,1440,1469,C170,1,
D1421,15/12/2024,South,Warehousing,2880,2745,C162,2,CAMP002
D1422,16/02/2024,South,Warehousing,1440,1524,C172,3,CAMP002
D1423,20/12/2024,South,Express,90,506,C223,3,
D1424,6/11/2024,East,Warehousing,120,10,C218,3,
D1425,3/11/2024,East,Parcel,1440,1556,C220,4,CAMP002
D1426,23/05/2024,East,Parcel,60,47,C118,4,
D1427,25/09/2024,East,Parcel,60,150,C274,1,
D1428,3/5/2024,South,Warehousing,1440,1354,C241,3,CAMP002
D1429,15/04/2024,West,Warehousing,1440,1411,C219,,CAMP002
D1430,6/6/2024,North,Warehousing,1440,1465,C265,4,
D1431,26/05/2024,South,Warehousing,60,10,C280,4,
D1432,24/05/2024,North,Warehousing,60,10,C160,3,
D1433,29/04/2024,West,Parcel,1440,1394,C263,4,CAMP001
D1434,14/11/2024,East,Express,2880,2597,C267,4,CAMP002
D1435,1/10/2024,West,Parcel,2880,3010,C129,4,
D1436,1/4/2024,South,Warehousing,90,10,C108,,
D1437,27/02/2024,East,Parcel,120,325,C163,2,CAMP001
D1438,11/12/2024,South,Warehousing,2880,2965,C260,1,
D1439,16/08/2024,East,Warehousing,60,146,C219,4,
D1440,26/04/2024,North,Parcel,2880,2448,C151,5,
D1441,13/11/2024,North,Warehousing,90,25,C188,2,
D1442,5/10/2024,North,Express,90,320,C241,3,
D1443,6/5/2024,West,Warehousing,120,17,C152,1,CAMP003
D1444,8/5/2024,South,Express,2880,2665,C286,3,
D1445,27/02/2024,West,Express,60,10,C177,4,CAMP001
D1446,1/5/2024,North,Warehousing,60,47,C140,4,
D1447,1/1/2024,South,Parcel,1440,1270,C295,3,CAMP001
D1448,26/08/2024,North,Express,60,306,C167,3,
D1449,16/10/2024,West,Parcel,120,108,C107,1,CAMP002
D1450,5/4/2024,West,Express,120,10,C101,3,CAMP001
D1451,5/5/2024,West,Warehousing,60,10,C204,4,CAMP001
D1452,27/04/2024,North,Warehousing,60,156,C224,,CAMP001
D1453,17/02/2024,South,Express,1440,1532,C209,5,
D1454,29/03/2024,South,Warehousing,60,10,C185,1,
D1455,24/08/2024,North,Express,1440,993,C268,5,
D1456,28/09/2024,South,Warehousing,1440,1522,C219,4,CAMP001
D1457,7/7/2024,North,Parcel,60,23,C226,4,CAMP001
D1458,10/7/2024,South,Warehousing,90,157,C282,3,CAMP001
D1459,9/3/2024,East,Parcel,90,481,C115,3,CAMP001
D1460,4/10/2024,East,Warehousing,1440,1435,C161,3,
D1461,14/12/2024,West,Parcel,60,10,C212,1,CAMP002
D1462,3/9/2024,East,Warehousing,90,10,C275,2,CAMP002
D1463,16/03/2024,East,Parcel,60,10,C257,2,CAMP001
D1464,2/6/2024,East,Express,60,92,C111,3,CAMP002
D1465,23/05/2024,North,Express,60,70,C134,4,
D1466,26/03/2024,East,Parcel,2880,3224,C110,3,
D1467,3/7/2024,East,Warehousing,60,159,C163,1,CAMP002
D1468,11/10/2024,West,Parcel,2880,2854,C149,,CAMP001
D1469,7/8/2024,East,Warehousing,1440,1299,C248,5,CAMP002
D1470,9/3/2024,East,Express,90,143,C168,4,CAMP002
D1471,16/02/2024,South,Warehousing,90,10,C147,,CAMP002
D1472,3/4/2024,West,Express,90,125,C119,4,
D1473,25/08/2024,West,Warehousing,90,187,C200,,
D1474,22/07/2024,West,Warehousing,90,47,C294,1,
D1475,5/8/2024,West,Warehousing,90,10,C271,3,CAMP003
D1476,6/12/2024,West,Parcel,90,10,C260,2,CAMP003
D1477,8/2/2024,West,Parcel,1440,1668,C288,2,
D1478,9/4/2024,North,Express,60,140,C236,2,
D1479,15/10/2024,East,Express,120,205,C167,4,
D1480,10/9/2024,West,Parcel,2880,2568,C134,4,CAMP001
D1481,9/8/2024,East,Express,120,395,C164,4,
D1482,22/12/2024,East,Parcel,120,27,C107,2,CAMP003
D1483,23/01/2024,North,Warehousing,60,10,C144,5,
D1484,6/9/2024,West,Express,60,10,C186,4,
D1485,10/1/2024,South,Express,60,10,C274,3,
D1486,2/9/2024,North,Parcel,90,321,C267,4,CAMP001
D1487,20/11/2024,South,Express,1440,1697,C175,3,
D1488,9/4/2024,East,Express,90,57,C281,3,CAMP001
D1489,16/10/2024,East,Warehousing,1440,1305,C175,5,CAMP002
D1490,28/06/2024,North,Express,1440,1365,C273,3,CAMP001
D1491,10/8/2024,North,Warehousing,120,51,C146,3,
D1492,6/9/2024,South,Parcel,120,10,C114,5,CAMP002
D1493,26/05/2024,West,Express,1440,1382,C204,4,CAMP002
D1494,5/4/2024,South,Warehousing,1440,1470,C246,1,
D1495,13/09/2024,North,Parcel,90,293,C125,2,CAMP002
D1496,20/11/2024,South,Express,90,92,C151,1,
D1497,4/1/2024,North,Parcel,120,10,C192,4,CAMP003
D1498,16/01/2024,South,Express,60,130,C249,3,CAMP001
D1499,6/10/2024,North,Parcel,1440,1389,C120,2,
